epoch,train_loss,train_acc,val_loss,val_acc
1,1.7870107118574796,0.438205265986029,1.4887063584441946,0.5182849936948297
